Product Name,Image URL,Product URL,price,Ratings,No: of Responses,country
Modern wooden wall clock home decoration from Japan,https://sc01.alicdn.com/kf/HTB1JWk4ajLuK1Rjy0Fhq6xpdFXaA/Modern-wooden-wall-clock-home-decoration-from.jpg_300x300.jpg,https://www.alibaba.com/product-detail/Modern-wooden-wall-clock-home-decoration_60836497195.html?s=p,US$ 9.60-US$ 9.80,No ratings Provided,No responses available,International
Led wooden clocks wooden cube led clock led digital wooden desk clock,https://sc02.alicdn.com/kf/HTB1QXI8l8DH8KJjSspnq6zNAVXaD/Led-wooden-clocks-wooden-cube-led-clock.jpg_300x300.jpg,https://www.alibaba.com/product-detail/Led-wooden-clocks-wooden-cube-led_60730070209.html?s=p,US$ 3.00-US$ 5.50,No ratings Provided,No responses available,International
KH-WC009 Modern Multifunction Vintage Pot Container Home Office Desktop Decoration Wooden Clock Pen Holder,https://sc01.alicdn.com/kf/HLB11Q_MjTZmx1VjSZFGq6yx2XXaP/KH-WC009-Modern-Multifunction-Vintage-Pot-Container.jpg_300x300.jpg,https://www.alibaba.com/product-detail/KH-WC009-Modern-Multifunction-Vintage-Pot_60591142017.html?s=p,US$ 5.64-US$ 5.81,4.8,(36reviews),International
Wholesale price led light alarm clock wood mirror With competitive,https://sc01.alicdn.com/kf/HTB1JUxHeoGF3KVjSZFoq6zmpFXaM/Wholesale-price-led-light-alarm-clock-wood.jpg_300x300.jpg,https://www.alibaba.com/product-detail/Wholesale-price-led-light-alarm-clock_62180810530.html?s=p,US$ 9.55-US$ 15.00,4.6,(12reviews),International
Zogift 2019 hot sale wake up light western led digital clock USB power/Battery electronic desktop LED wooden alarm clock,https://sc02.alicdn.com/kf/HTB1pgiqkiqAXuNjy1Xdq6yYcVXaq/Zogift-2019-hot-sale-wake-up-light.jpg_300x300.jpg,https://www.alibaba.com/product-detail/Zogift-2019-hot-sale-wake-up_60731035620.html,US$ 0.22-US$ 5.99,4.4,(29reviews),International
Rectangle Desktop digital LED wooden clock alarm clock with temperature display,https://sc01.alicdn.com/kf/HTB1LhDvmtknBKNjSZKPq6x6OFXaV/Rectangle-Desktop-digital-LED-wooden-clock-alarm.jpg_300x300.jpg,https://www.alibaba.com/product-detail/Rectangle-Desktop-digital-LED-wooden-clock_60636177149.html,US$ 6.88-US$ 7.98,4.9,(10reviews),International
KH-WC010 Office Alarm Student and Thermometer Crystal Stand Digital Desk Table Wooden Clock with Pen Holder,https://img.alicdn.com/tfs/TB1S_7kkY5YBuNjSspoXXbeNFXa-700-700.jpg_350x350.jpg,https://www.alibaba.com/product-detail/KH-WC010-Office-Alarm-Student-and_60592317204.html,US$ 5.64-US$ 5.81,4.8,(36reviews),International
Vintage Antique Handmade Home goods Hanging Metal Wooden Decorative Wall Clock,https://img.alicdn.com/tfs/TB1S_7kkY5YBuNjSspoXXbeNFXa-700-700.jpg_350x350.jpg,https://www.alibaba.com/product-detail/Vintage-Antique-Handmade-Home-goods-Hanging_214593022.html,US$ 21.70-US$ 24.11,5.0,(3reviews),International
Mobile phone Qi Wireless charging wooden digital alarm clock with temperature,https://img.alicdn.com/tfs/TB1S_7kkY5YBuNjSspoXXbeNFXa-700-700.jpg_350x350.jpg,https://www.alibaba.com/product-detail/Mobile-phone-Qi-Wireless-charging-wooden_60808918444.html,US$ 9.58-US$ 9.98,4.5,(8reviews),International
40cm diameter Handmade Oversized 3D retro rustic decorative luxury art big gear wooden vintage large wall clock for gift,https://img.alicdn.com/tfs/TB1S_7kkY5YBuNjSspoXXbeNFXa-700-700.jpg_350x350.jpg,https://www.alibaba.com/product-detail/40cm-diameter-Handmade-Oversized-3D-retro_60379886859.html,US$ 7.20-US$ 7.60,5.0,(4reviews),International
Vintage Antique Handmade Home goods Hanging wood decorate wall clock,https://img.alicdn.com/tfs/TB1S_7kkY5YBuNjSspoXXbeNFXa-700-700.jpg_350x350.jpg,https://www.alibaba.com/product-detail/Vintage-Antique-Handmade-Home-goods-Hanging_62164546139.html,US$ 1.00-US$ 10.00,No ratings Provided,No responses available,International
Display Time Temperature LED Digital Desk Clock Adjustable Wooden Alarm Clock,https://img.alicdn.com/tfs/TB1S_7kkY5YBuNjSspoXXbeNFXa-700-700.jpg_350x350.jpg,https://www.alibaba.com/product-detail/Display-Time-Temperature-LED-Digital-Desk_874814448.html,US$ 6.90-US$ 7.80,4.3,(11reviews),International
digital wooden clock desk clock wooden table clock with pen stand ET544,https://img.alicdn.com/tfs/TB1S_7kkY5YBuNjSspoXXbeNFXa-700-700.jpg_350x350.jpg,https://www.alibaba.com/product-detail/digital-wooden-clock-desk-clock-wooden_60752268005.html,US$ 2.00-US$ 6.00,No ratings Provided,No responses available,International
2019 new design home decorative silent wooden wall clock,https://img.alicdn.com/tfs/TB1S_7kkY5YBuNjSspoXXbeNFXa-700-700.jpg_350x350.jpg,https://www.alibaba.com/product-detail/2019-new-design-home-decorative-silent_60648823534.html,US$ 1.00-US$ 6.00,5.0,(1reviews),International
"Round Shape wooden modern decor wall clock,wall clocks wholesale",https://img.alicdn.com/tfs/TB1S_7kkY5YBuNjSspoXXbeNFXa-700-700.jpg_350x350.jpg,https://www.alibaba.com/product-detail/Round-Shape-wooden-modern-decor-wall_60785141446.html,US$ 1.18-US$ 6.88,4.7,(1reviews),International
High Quality Vintage Wall Clock Wood Round Carved Decorative Wall Hanging Clock,https://img.alicdn.com/tfs/TB1S_7kkY5YBuNjSspoXXbeNFXa-700-700.jpg_350x350.jpg,https://www.alibaba.com/product-detail/High-Quality-Vintage-Wall-Clock-Wood_60745712211.html,US$ 13.80-US$ 16.60,5.0,(3reviews),International
Oversize large farmhouse wooden wall clock,https://img.alicdn.com/tfs/TB1S_7kkY5YBuNjSspoXXbeNFXa-700-700.jpg_350x350.jpg,https://www.alibaba.com/product-detail/Oversize-large-farmhouse-wooden-wall-clock_60660147927.html,US$ 14.88-US$ 15.88,4.3,(1reviews),International
Original Antique Decorative Wall Clock Round Vintage Wall Clock Colourful French Country Style Paris Creative Wooden Wall Clock,https://img.alicdn.com/tfs/TB1S_7kkY5YBuNjSspoXXbeNFXa-700-700.jpg_350x350.jpg,https://www.alibaba.com/product-detail/Original-Antique-Decorative-Wall-Clock-Round_60440437677.html,US$ 1.00-US$ 10.00,No ratings Provided,No responses available,International
customized decorative wood wall clock,https://img.alicdn.com/tfs/TB1S_7kkY5YBuNjSspoXXbeNFXa-700-700.jpg_350x350.jpg,https://www.alibaba.com/product-detail/customized-decorative-wood-wall-clock_60643258831.html,US$ 4.00-US$ 7.00,4.9,(23reviews),International
wood silent clock minimalist wall clock azan wall clock,https://img.alicdn.com/tfs/TB1S_7kkY5YBuNjSspoXXbeNFXa-700-700.jpg_350x350.jpg,https://www.alibaba.com/product-detail/wood-silent-clock-minimalist-wall-clock_60781496017.html,US$ 3.20-US$ 6.40,4.5,(5reviews),International
Hot Selling Cuckoo Bird Wall Clock Home Decorative fake wood wall clock with bird sound (TF11),https://img.alicdn.com/tfs/TB1S_7kkY5YBuNjSspoXXbeNFXa-700-700.jpg_350x350.jpg,https://www.alibaba.com/product-detail/Hot-Selling-Cuckoo-Bird-Wall-Clock_60669678055.html,US$ 9.16-US$ 10.36,No ratings Provided,No responses available,International
Voice Control USB Charge Time Date Temperature LED Display Digital Table Wooden Alarm Clock,https://img.alicdn.com/tfs/TB1S_7kkY5YBuNjSspoXXbeNFXa-700-700.jpg_350x350.jpg,https://www.alibaba.com/product-detail/Voice-Control-USB-Charge-Time-Date_60806449648.html,US$ 5.40-US$ 6.20,4.5,(4reviews),International
"Round Shape wooden art modern wall clock,home wooden wall clock decor Religion photo print on clock",https://img.alicdn.com/tfs/TB1S_7kkY5YBuNjSspoXXbeNFXa-700-700.jpg_350x350.jpg,https://www.alibaba.com/product-detail/Round-Shape-wooden-art-modern-wall_60823403261.html,US$ 1.80-US$ 2.59,5.0,(6reviews),International
Handmade Antique Golden Silent Large Industrial Gear Creative Rustic 3d Wooden Wall Clock,https://img.alicdn.com/tfs/TB1S_7kkY5YBuNjSspoXXbeNFXa-700-700.jpg_350x350.jpg,https://www.alibaba.com/product-detail/Handmade-Antique-Golden-Silent-Large-Industrial_60869168865.html,US$ 6.50-US$ 23.00,4.9,(5reviews),International
Promotional Digital LED Display Slient Desk & Table Clocks with Thermometer Alarm Calendar Wood Clock,https://img.alicdn.com/tfs/TB1S_7kkY5YBuNjSspoXXbeNFXa-700-700.jpg_350x350.jpg,https://www.alibaba.com/product-detail/Promotional-Digital-LED-Display-Slient-Desk_60817218594.html,US$ 5.07-US$ 5.18,5.0,(15reviews),International
Pendulum Cuckoo Wall Clock Wooden Vintage Antique Clock,https://img.alicdn.com/tfs/TB1S_7kkY5YBuNjSspoXXbeNFXa-700-700.jpg_350x350.jpg,https://www.alibaba.com/product-detail/Pendulum-Cuckoo-Wall-Clock-Wooden-Vintage_60780342778.html,US$ 9.00-US$ 11.00,4.5,(15reviews),International
Colorful MDF Wood Wall Clock Modern Simple Design Silent Quartz Clocks for Home Living Room Decor,https://img.alicdn.com/tfs/TB1S_7kkY5YBuNjSspoXXbeNFXa-700-700.jpg_350x350.jpg,https://www.alibaba.com/product-detail/Colorful-MDF-Wood-Wall-Clock-Modern_60674927957.html,US$ 4.59-US$ 6.39,4.9,(30reviews),International
good quality old grandfather pendulum clock mechanism wood wall clock,https://img.alicdn.com/tfs/TB1S_7kkY5YBuNjSspoXXbeNFXa-700-700.jpg_350x350.jpg,https://www.alibaba.com/product-detail/good-quality-old-grandfather-pendulum-clock_60575852985.html,US$ 9.99-US$ 69.99,4.2,(2reviews),International
Large Hourly Chime Antique Wooden Pendulum Clock Wall Clock for for Wall and Home and Living Room Decoration,https://img.alicdn.com/tfs/TB1S_7kkY5YBuNjSspoXXbeNFXa-700-700.jpg_350x350.jpg,https://www.alibaba.com/product-detail/Large-Hourly-Chime-Antique-Wooden-Pendulum_60723080742.html,US$ 62.50-US$ 68.00,No ratings Provided,No responses available,International
Unusual Kitchen Decor Wooden Wall Clock,https://img.alicdn.com/tfs/TB1S_7kkY5YBuNjSspoXXbeNFXa-700-700.jpg_350x350.jpg,https://www.alibaba.com/product-detail/Unusual-Kitchen-Decor-Wooden-Wall-Clock_60730400815.html,US$ 1.50-US$ 6.00,4.9,(8reviews),International
56cm diameter Handmade Oversized 3D retro rustic decorative luxury art big gear wooden vintage large wall clock BD8283,https://img.alicdn.com/tfs/TB1S_7kkY5YBuNjSspoXXbeNFXa-700-700.jpg_350x350.jpg,https://www.alibaba.com/product-detail/56cm-diameter-Handmade-Oversized-3D-retro_60762189180.html,US$ 11.00-US$ 13.95,3.7,(3reviews),International
Custom wooden wall clock,https://img.alicdn.com/tfs/TB1S_7kkY5YBuNjSspoXXbeNFXa-700-700.jpg_350x350.jpg,https://www.alibaba.com/product-detail/Custom-wooden-wall-clock_60654075314.html,US$ 2.00-US$ 8.00,5.0,(1reviews),International
Antique Home Decoration Simple Vintage Watch Round Wooden Wall Clock,https://img.alicdn.com/tfs/TB1S_7kkY5YBuNjSspoXXbeNFXa-700-700.jpg_350x350.jpg,https://www.alibaba.com/product-detail/Antique-Home-Decoration-Simple-Vintage-Watch_60731581769.html,US$ 1.66-US$ 1.84,5.0,(2reviews),International
alibaba china supplier carved wholesale wood diy wall clock,https://sc02.alicdn.com/kf/HTB1UPmucA9WBuNjSspeq6yz5VXa2/alibaba-china-supplier-carved-wholesale-wood-diy.jpg_300x300.jpg,https://www.alibaba.com/product-detail/alibaba-china-supplier-carved-wholesale-wood_60743256198.html,US$ 3.00-US$ 5.00,4.9,(28reviews),International
KH-WC009 Manufacturer Custom Decor Square Stand Kid Desk Table Wood Digital Led Alarm Clock With Pen Holder,https://sc01.alicdn.com/kf/HTB1YCwja2WG3KVjSZFgq6zTspXaC/KH-WC009-Manufacturer-Custom-Decor-Square-Stand.jpg_300x300.jpg,https://www.alibaba.com/product-detail/KH-WC009-Manufacturer-Custom-Decor-Square_62031336156.html,US$ 5.64-US$ 5.81,4.0,(1reviews),International
TC707 Online wholesale fashionable pen holder student digital mute wooden mini led clock,https://sc01.alicdn.com/kf/HTB1x04rXvfsK1RjSszgq6yXzpXaG/TC707-Online-wholesale-fashionable-pen-holder-student.jpg_300x300.jpg,https://www.alibaba.com/product-detail/TC707-Online-wholesale-fashionable-pen-holder_60808952271.html,US$ 13.50-US$ 18.00,4.4,(7reviews),International
New Designs Cute Christmas Gifts Digital LED Wood Table Clock Temperature Clock,https://sc02.alicdn.com/kf/HTB1LsogSFXXXXXgXpXXq6xXFXXXz/New-Designs-Cute-Christmas-Gifts-Digital-LED.jpg_300x300.jpg,https://www.alibaba.com/product-detail/New-Designs-Cute-Christmas-Gifts-Digital_60108341295.html,US$ 6.00-US$ 7.00,4.9,(25reviews),International
Factory price USB bamboo digital number display temperature alarm clock wooden clock LED,https://sc02.alicdn.com/kf/HTB1EftpXE_rK1Rjy0Fcq6zEvVXaF/Factory-price-USB-bamboo-digital-number-display.jpg_300x300.jpg,https://www.alibaba.com/product-detail/Factory-price-USB-bamboo-digital-number_60808875464.html,US$ 4.88-US$ 5.15,4.9,(13reviews),International
creative fashion digital alarm clock with indoor temperature and humidity digital table clock wooden desk mirror alarm clock,https://sc02.alicdn.com/kf/HTB1vkbgayLrK1Rjy1zd761nnpXaP/creative-fashion-digital-alarm-clock-with-indoor.png_300x300.png,https://www.alibaba.com/product-detail/creative-fashion-digital-alarm-clock-with_60837804125.html,US$ 1.08-US$ 4.48,4.8,(2reviews),International
Wholesale Stock Small Order 3.5 Inch Wood Twin Bell Alarm Clock,https://sc01.alicdn.com/kf/HTB1RDDDJ4naK1RjSZFtq6zC2VXaR/Wholesale-Stock-Small-Order-3-5-Inch.jpg_300x300.jpg,https://www.alibaba.com/product-detail/Wholesale-Stock-Small-Order-3-5_60791016048.html,US$ 3.60-US$ 3.80,4.6,(23reviews),International
Preciser 12 Inch White Round Minimalist MDF Hanging Wood Wall Clock,https://sc01.alicdn.com/kf/HTB1791gOxnaK1RjSZFBq6AW7VXax/Preciser-12-Inch-White-Round-Minimalist-MDF.jpg_300x300.jpg,https://www.alibaba.com/product-detail/Preciser-12-Inch-White-Round-Minimalist_62055663125.html,US$ 4.60-US$ 5.20,4.8,(20reviews),International
Silent Non-Ticking Battery Operated Rustic Wood Large Wall Clock with White & Black Arabic Numerals for Home Decor,https://img.alicdn.com/tfs/TB1S_7kkY5YBuNjSspoXXbeNFXa-700-700.jpg_350x350.jpg,https://www.alibaba.com/product-detail/Silent-Non-Ticking-Battery-Operated-Rustic_62134135680.html,US$ 2.50-US$ 6.00,No ratings Provided,No responses available,International
Chinese Newest Design 12 Inch Modern Wooden Decorative Wall Clock,https://img.alicdn.com/tfs/TB1S_7kkY5YBuNjSspoXXbeNFXa-700-700.jpg_350x350.jpg,https://www.alibaba.com/product-detail/Chinese-Newest-Design-12-Inch-Modern_60784777372.html,US$ 5.50-US$ 7.35,4.7,(10reviews),International
Wholesale calendar digital Alarm LED wooden clock with Bluetooth,https://img.alicdn.com/tfs/TB1S_7kkY5YBuNjSspoXXbeNFXa-700-700.jpg_350x350.jpg,https://www.alibaba.com/product-detail/Wholesale-calendar-digital-Alarm-LED-wooden_60792801882.html,US$ 29.72,4.6,(3reviews),International
"2019hot selling Desk clock with date Wall clock wood grain frame,classic and fashion",https://img.alicdn.com/tfs/TB1S_7kkY5YBuNjSspoXXbeNFXa-700-700.jpg_350x350.jpg,https://www.alibaba.com/product-detail/2019hot-selling-Desk-clock-with-date_60841207415.html,US$ 1.85-US$ 2.50,5.0,(2reviews),International
EMITDOOG Modern Design White Wall Clock Round Quartz Wooden Walnut Hands Clock for Home Decor,https://img.alicdn.com/tfs/TB1S_7kkY5YBuNjSspoXXbeNFXa-700-700.jpg_350x350.jpg,https://www.alibaba.com/product-detail/EMITDOOG-Modern-Design-White-Wall-Clock_60800712348.html,US$ 0.80-US$ 15.80,5.0,(5reviews),International
2019 wholesale factory price wooden wall clock gear-design hanging head-shape wall clock,https://img.alicdn.com/tfs/TB1S_7kkY5YBuNjSspoXXbeNFXa-700-700.jpg_350x350.jpg,https://www.alibaba.com/product-detail/2019-wholesale-factory-price-wooden-wall_60784439663.html,US$ 15.00-US$ 20.00,4.6,(8reviews),International
Regulator Alder wood pendulum wall chime clock,https://img.alicdn.com/tfs/TB1S_7kkY5YBuNjSspoXXbeNFXa-700-700.jpg_350x350.jpg,https://www.alibaba.com/product-detail/Regulator-Alder-wood-pendulum-wall-chime_50046824847.html,US$ 45.47-US$ 62.93,No ratings Provided,No responses available,International
new design wood desktop digital alarm clock with bt wireless function,https://img.alicdn.com/tfs/TB1S_7kkY5YBuNjSspoXXbeNFXa-700-700.jpg_350x350.jpg,https://www.alibaba.com/product-detail/new-design-wood-desktop-digital-alarm_60744675857.html,US$ 11.50-US$ 15.00,4.5,(7reviews),International
Vintage Watch Clock Numeral Design Rustic Country Tuscan Style Wooden Decorative Round Wall Clock,https://img.alicdn.com/tfs/TB1S_7kkY5YBuNjSspoXXbeNFXa-700-700.jpg_350x350.jpg,https://www.alibaba.com/product-detail/Vintage-Watch-Clock-Numeral-Design-Rustic_60811071398.html,US$ 8.72-US$ 19.35,No ratings Provided,No responses available,International
Wooden Decorative Rustic Wooden Wall Clock Big Size For Living Room,https://img.alicdn.com/tfs/TB1S_7kkY5YBuNjSspoXXbeNFXa-700-700.jpg_350x350.jpg,https://www.alibaba.com/product-detail/Wooden-Decorative-Rustic-Wooden-Wall-Clock_62107272639.html,US$ 7.46,5.0,(6reviews),International
white Colors Old Paint Rustic Mediterranean Style Wooden Wall Clock,https://img.alicdn.com/tfs/TB1S_7kkY5YBuNjSspoXXbeNFXa-700-700.jpg_350x350.jpg,https://www.alibaba.com/product-detail/white-Colors-Old-Paint-Rustic-Mediterranean_60618941530.html,US$ 1.00-US$ 3.00,4.8,(2reviews),International
Hot Selling Wood Color Frame Advertising Wall Clock,https://img.alicdn.com/tfs/TB1S_7kkY5YBuNjSspoXXbeNFXa-700-700.jpg_350x350.jpg,https://www.alibaba.com/product-detail/Hot-Selling-Wood-Color-Frame-Advertising_60811948012.html,US$ 1.00-US$ 9.00,4.3,(1reviews),International
"12 Inch Retro Wooden Wall Clock Farmhouse Decor, Silent Non Ticking Wall Clocks Large Decorative",https://img.alicdn.com/tfs/TB1S_7kkY5YBuNjSspoXXbeNFXa-700-700.jpg_350x350.jpg,https://www.alibaba.com/product-detail/12-Inch-Retro-Wooden-Wall-Clock_62026577399.html,US$ 3.00,4.9,(15reviews),International
new material MDF Voice control AAA battery and USB charger Digital Desk Clock Wood Alarm Clock wooden led digital alarm clock,https://img.alicdn.com/tfs/TB1S_7kkY5YBuNjSspoXXbeNFXa-700-700.jpg_350x350.jpg,https://www.alibaba.com/product-detail/new-material-MDF-Voice-control-AAA_60396278070.html,US$ 2.90-US$ 3.50,4.5,(8reviews),International
Free shipping Mini Cube Wooden Clock Voice Control Electronic Desk Clock with LED Digital Table Watch Snooze Cute Alarm Clock fo,https://img.alicdn.com/tfs/TB1S_7kkY5YBuNjSspoXXbeNFXa-700-700.jpg_350x350.jpg,https://www.alibaba.com/product-detail/Free-shipping-Mini-Cube-Wooden-Clock_60791134818.html,US$ 4.80-US$ 5.50,4.5,(37reviews),International
Nordic wind personality creative antlers wooden wall clock living room bedroom home wall decorative art wall clock,https://img.alicdn.com/tfs/TB1S_7kkY5YBuNjSspoXXbeNFXa-700-700.jpg_350x350.jpg,https://www.alibaba.com/product-detail/Nordic-wind-personality-creative-antlers-wooden_62074159982.html,US$ 3.00-US$ 10.80,5.0,(2reviews),International
Temperature Display Cool Household Battery Power Night Light Clocks Travel Bedroom MDF Wooden LED Digital Alarm Clock With Logo,https://img.alicdn.com/tfs/TB1S_7kkY5YBuNjSspoXXbeNFXa-700-700.jpg_350x350.jpg,https://www.alibaba.com/product-detail/Temperature-Display-Cool-Household-Battery-Power_60842489777.html,US$ 11.90,5.0,(1reviews),International
Handmade Wooden Crafts Wall Clock,https://img.alicdn.com/tfs/TB1S_7kkY5YBuNjSspoXXbeNFXa-700-700.jpg_350x350.jpg,https://www.alibaba.com/product-detail/Handmade-Wooden-Crafts-Wall-Clock_60104689525.html,US$ 2.20-US$ 2.50,4.6,(79reviews),International
Venice Astronomical Wooden wall Clock,https://img.alicdn.com/tfs/TB1S_7kkY5YBuNjSspoXXbeNFXa-700-700.jpg_350x350.jpg,https://www.alibaba.com/product-detail/Venice-Astronomical-Wooden-wall-Clock_62034041452.html,US$ 13.90-US$ 15.69,2.8,(2reviews),International
"12 Inch Battery Operated Non - Ticking Silent Modern Black Round MDF Wooden Wall Clock for Living Room, Kitchen, Bedroom",https://img.alicdn.com/tfs/TB1S_7kkY5YBuNjSspoXXbeNFXa-700-700.jpg_350x350.jpg,https://www.alibaba.com/product-detail/12-Inch-Battery-Operated-Non-Ticking_62104077927.html,US$ 1.80-US$ 7.80,4.8,(4reviews),International
Hottest Wireless Charging For Phone Wooden Digital Alarm Clock,https://img.alicdn.com/tfs/TB1S_7kkY5YBuNjSspoXXbeNFXa-700-700.jpg_350x350.jpg,https://www.alibaba.com/product-detail/Hottest-Wireless-Charging-For-Phone-Wooden_60738781222.html,US$ 10.00-US$ 16.00,5.0,(4reviews),International
Farmhouse Metal & Wood Noiseless large Wall Clock,https://img.alicdn.com/tfs/TB1S_7kkY5YBuNjSspoXXbeNFXa-700-700.jpg_350x350.jpg,https://www.alibaba.com/product-detail/Farmhouse-Metal-Wood-Noiseless-large-Wall_60752813846.html,US$ 30.00-US$ 38.00,5.0,(3reviews),International
High Quality Analog quartz modern wooden cuckoo wall clock with pendulum,https://img.alicdn.com/tfs/TB1S_7kkY5YBuNjSspoXXbeNFXa-700-700.jpg_350x350.jpg,https://www.alibaba.com/product-detail/High-Quality-Analog-quartz-modern-wooden_62070521208.html,US$ 12.50,4.6,(6reviews),International
European Living Room Flamingo Wooden Creative Wall Clock,https://img.alicdn.com/tfs/TB1S_7kkY5YBuNjSspoXXbeNFXa-700-700.jpg_350x350.jpg,https://www.alibaba.com/product-detail/European-Living-Room-Flamingo-Wooden-Creative_60831457004.html,US$ 7.55-US$ 9.75,4.9,(3reviews),International
china supplier custom laser cut wood decorative wall clock,https://img.alicdn.com/tfs/TB1S_7kkY5YBuNjSspoXXbeNFXa-700-700.jpg_350x350.jpg,https://www.alibaba.com/product-detail/china-supplier-custom-laser-cut-wood_50042432895.html,US$ 3.80-US$ 5.00,3.7,(2reviews),International
2016 New Design Fancy World Wood 3D Mirror Sticker Wall Clocks,https://img.alicdn.com/tfs/TB1S_7kkY5YBuNjSspoXXbeNFXa-700-700.jpg_350x350.jpg,https://www.alibaba.com/product-detail/2016-New-Design-Fancy-World-Wood_60474419278.html,US$ 4.80-US$ 5.00,4.8,(39reviews),International
Gray Over sized Rustic Farmhouse Wood Large Wall Clock,https://img.alicdn.com/tfs/TB1S_7kkY5YBuNjSspoXXbeNFXa-700-700.jpg_350x350.jpg,https://www.alibaba.com/product-detail/Gray-Over-sized-Rustic-Farmhouse-Wood_62125089949.html,US$ 2.40-US$ 4.00,5.0,(2reviews),International
Zogifts White Wood LED Light Alarm Clock With Calendar/Time/Alarm Clock/Temp/Humidity Display & Sound Control,https://img.alicdn.com/tfs/TB1S_7kkY5YBuNjSspoXXbeNFXa-700-700.jpg_350x350.jpg,https://www.alibaba.com/product-detail/Zogifts-White-Wood-LED-Light-Alarm_60422008130.html,US$ 2.00-US$ 10.00,4.5,(44reviews),International
Zogifts White Wood LED Light Alarm Clock With Calendar/Time/Alarm Clock/Temp/Humidity Display & Sound Control,https://sc02.alicdn.com/kf/HTB1UJIUrbsTMeJjy1zbq6AhlVXao/Zogifts-White-Wood-LED-Light-Alarm-Clock.jpg_300x300.jpg,https://www.alibaba.com/product-detail/Zogifts-White-Wood-LED-Light-Alarm_60422008130.html,US$ 2.00-US$ 10.00,4.5,(44reviews),International
Retro piano solid wood wall clock,https://sc02.alicdn.com/kf/HTB1xMjkLpXXXXcXaXXXq6xXFXXXY/Retro-piano-solid-wood-wall-clock.jpg_300x300.jpg,https://www.alibaba.com/product-detail/Retro-piano-solid-wood-wall-clock_60095854391.html,US$ 14.00-US$ 50.00,4.8,(2reviews),International
Farmhouse Rustic Barn Vintage Bronze Metal & Solid Wood Noiseless Big Oversized Wall Clock (X-Large 24-inch),https://sc02.alicdn.com/kf/HTB1.jgNbdzvK1RkSnfoq6zMwVXax/Farmhouse-Rustic-Barn-Vintage-Bronze-Metal-Solid.jpg_300x300.jpg,https://www.alibaba.com/product-detail/Farmhouse-Rustic-Barn-Vintage-Bronze-Metal_62016305118.html,US$ 3.83-US$ 3.98,4.2,(8reviews),International
2019 new simple classic bentwood decorative wooden wall clock for home decor,https://sc02.alicdn.com/kf/HTB1lJmAX.LrK1Rjy1zbq6AenFXaN/2019-new-simple-classic-bentwood-decorative-wooden.jpg_300x300.jpg,https://www.alibaba.com/product-detail/2019-new-simple-classic-bentwood-decorative_60508351203.html,US$ 4.85-US$ 8.55,No ratings Provided,No responses available,International
UCHOME 12 inch Classic Retro European Style Wooden Wall Clock for Home Living Room Office Decoration,https://sc02.alicdn.com/kf/HTB1IrO3adfvK1RjSspo762fNpXaf/UCHOME-12-inch-Classic-Retro-European-Style.png_300x300.png,https://www.alibaba.com/product-detail/UCHOME-12-inch-Classic-Retro-European_60828526991.html,US$ 1.75-US$ 3.15,4.8,(5reviews),International
Wooden Sound Control Alarm Clock With LED Calendar Time Numeral And Temperature,https://sc02.alicdn.com/kf/HLB1Fc0NRIfpK1RjSZFOq6y6nFXaw/Wooden-Sound-Control-Alarm-Clock-With-LED.jpg_300x300.jpg,https://www.alibaba.com/product-detail/Wooden-Sound-Control-Alarm-Clock-With_62083085134.html,US$ 6.00-US$ 10.00,4.7,(2reviews),International
China Luxury Home Decor Circular Retro 3D Wooden Wall Clock,https://sc01.alicdn.com/kf/HTB1FWnOXs_vK1Rjy0Foq6xIxVXac/China-Luxury-Home-Decor-Circular-Retro-3D.jpg_300x300.jpg,https://www.alibaba.com/product-detail/China-Luxury-Home-Decor-Circular-Retro_60814006505.html,US$ 5.00-US$ 7.00,4.9,(14reviews),International
Multi Color Modern Decorative Wood Wall ball Clock,https://sc01.alicdn.com/kf/UTB8zA_sqnzIXKJkSafVq6yWgXXab/Multi-Color-Modern-Decorative-Wood-Wall-ball.jpg_300x300.jpg,https://www.alibaba.com/product-detail/Multi-Color-Modern-Decorative-Wood-Wall_60777838835.html,US$ 23.32,5.0,(3reviews),International
12Inch Wood Frame Decorative Wall Clock,https://img.alicdn.com/tfs/TB1S_7kkY5YBuNjSspoXXbeNFXa-700-700.jpg_350x350.jpg,https://www.alibaba.com/product-detail/12Inch-Wood-Frame-Decorative-Wall-Clock_60792826415.html,US$ 4.20-US$ 6.80,5.0,(3reviews),International
Roman-Anti-Bronze 3D Retro Rustic Vintage Wooden 23-Inch Noiseless Gear Wall Clock,https://img.alicdn.com/tfs/TB1S_7kkY5YBuNjSspoXXbeNFXa-700-700.jpg_350x350.jpg,https://www.alibaba.com/product-detail/Roman-Anti-Bronze-3D-Retro-Rustic_60777422933.html,US$ 9.00-US$ 12.00,4.8,(6reviews),International
12 Inch Round Roman Modern Decorate Wooden Wall Clock Cheap,https://img.alicdn.com/tfs/TB1S_7kkY5YBuNjSspoXXbeNFXa-700-700.jpg_350x350.jpg,https://www.alibaba.com/product-detail/12-Inch-Round-Roman-Modern-Decorate_62162199142.html,US$ 6.00-US$ 9.00,5.0,(5reviews),International
Custom bulk table decor wireless QI charging digital LED wooden alarm clock,https://img.alicdn.com/tfs/TB1S_7kkY5YBuNjSspoXXbeNFXa-700-700.jpg_350x350.jpg,https://www.alibaba.com/product-detail/Custom-bulk-table-decor-wireless-QI_60824033863.html,US$ 11.56-US$ 16.00,4.8,(2reviews),International
Retro Farmhouse Decor Rustic Colorful Wooden Pendulum Wall Clocks,https://img.alicdn.com/tfs/TB1S_7kkY5YBuNjSspoXXbeNFXa-700-700.jpg_350x350.jpg,https://www.alibaba.com/product-detail/Retro-Farmhouse-Decor-Rustic-Colorful-Wooden_60717040124.html,US$ 1.60-US$ 3.85,5.0,(1reviews),International
Luxury art wood wall Clock / Gift clock / Promotional blank sublimation mdf wall clock,https://img.alicdn.com/tfs/TB1S_7kkY5YBuNjSspoXXbeNFXa-700-700.jpg_350x350.jpg,https://www.alibaba.com/product-detail/Luxury-art-wood-wall-Clock-Gift_60708171340.html,US$ 0.97-US$ 1.08,4.9,(53reviews),International
Promotion Modern Design Wooden Table Clock,https://img.alicdn.com/tfs/TB1S_7kkY5YBuNjSspoXXbeNFXa-700-700.jpg_350x350.jpg,https://www.alibaba.com/product-detail/Promotion-Modern-Design-Wooden-Table-Clock_62040648498.html,US$ 5.70-US$ 8.50,4.7,(7reviews),International
"Wooden grain LED alarm clock, powered by batteries only but can keep working for one year",https://img.alicdn.com/tfs/TB1S_7kkY5YBuNjSspoXXbeNFXa-700-700.jpg_350x350.jpg,https://www.alibaba.com/product-detail/Wooden-grain-LED-alarm-clock-powered_60463877239.html,US$ 10.00-US$ 30.00,5.0,(1reviews),International
hot sell wood wall pendulum clock for home decoration,https://img.alicdn.com/tfs/TB1S_7kkY5YBuNjSspoXXbeNFXa-700-700.jpg_350x350.jpg,https://www.alibaba.com/product-detail/hot-sell-wood-wall-pendulum-clock_60514539890.html,US$ 7.93-US$ 8.72,No ratings Provided,No responses available,International
Classical decorative wall hanging wooden clock,https://img.alicdn.com/tfs/TB1S_7kkY5YBuNjSspoXXbeNFXa-700-700.jpg_350x350.jpg,https://www.alibaba.com/product-detail/Classical-decorative-wall-hanging-wooden-clock_60753614178.html,US$ 2.29-US$ 3.22,5.0,(3reviews),International
Digital LED wooden clock alarm clock with temperature display,https://img.alicdn.com/tfs/TB1S_7kkY5YBuNjSspoXXbeNFXa-700-700.jpg_350x350.jpg,https://www.alibaba.com/product-detail/Digital-LED-wooden-clock-alarm-clock_60765697204.html,US$ 3.00-US$ 6.00,No ratings Provided,No responses available,International
Round Wooden 60x60cm Roman Numeral Wall Clock,https://img.alicdn.com/tfs/TB1S_7kkY5YBuNjSspoXXbeNFXa-700-700.jpg_350x350.jpg,https://www.alibaba.com/product-detail/Round-Wooden-60x60cm-Roman-Numeral-Wall_60654148211.html,US$ 6.01-US$ 9.01,5.0,(3reviews),International
Fuzhou custom manufacture vintage modern wooden wall clock,https://img.alicdn.com/tfs/TB1S_7kkY5YBuNjSspoXXbeNFXa-700-700.jpg_350x350.jpg,https://www.alibaba.com/product-detail/Fuzhou-custom-manufacture-vintage-modern-wooden_60771739919.html,US$ 4.68-US$ 5.38,5.0,(6reviews),International
Table Clock Sound Control Digital Wooden LED Alarm Clock with red light Time Temperature Display & USB Charging Cable,https://img.alicdn.com/tfs/TB1S_7kkY5YBuNjSspoXXbeNFXa-700-700.jpg_350x350.jpg,https://www.alibaba.com/product-detail/Table-Clock-Sound-Control-Digital-Wooden_60723818084.html,US$ 6.21-US$ 6.98,4.8,(18reviews),International
2018 Desktop Table Clocks Digital Led Wooden Clock Alarm Clock,https://img.alicdn.com/tfs/TB1S_7kkY5YBuNjSspoXXbeNFXa-700-700.jpg_350x350.jpg,https://www.alibaba.com/product-detail/2018-Desktop-Table-Clocks-Digital-Led_60778942202.html,US$ 3.40-US$ 4.40,5.0,(8reviews),International
JINSUN Smart Acoustic Control Digital Light Clock DIY Alarm Table Clock Wooden Big LED Display Alarm Clock With Bed Shaker,https://img.alicdn.com/tfs/TB1S_7kkY5YBuNjSspoXXbeNFXa-700-700.jpg_350x350.jpg,https://www.alibaba.com/product-detail/JINSUN-Smart-Acoustic-Control-Digital-Light_62088444551.html,US$ 5.00-US$ 11.00,No ratings Provided,No responses available,International
antique wood wall clock Dia=33cm,https://img.alicdn.com/tfs/TB1S_7kkY5YBuNjSspoXXbeNFXa-700-700.jpg_350x350.jpg,https://www.alibaba.com/product-detail/antique-wood-wall-clock-Dia-33cm_60249188017.html,US$ 1.42-US$ 1.47,5.0,(1reviews),International
En71 ASTM Standard Cheap High Quality Wooden Wall Clock,https://img.alicdn.com/tfs/TB1S_7kkY5YBuNjSspoXXbeNFXa-700-700.jpg_350x350.jpg,https://www.alibaba.com/product-detail/En71-ASTM-Standard-Cheap-High-Quality_60673423387.html,US$ 1.35-US$ 2.00,5.0,(5reviews),International
MDF Wooden Cartoon Animal Type Swing Gift Smart Teaching Kids Wall Clock,https://img.alicdn.com/tfs/TB1S_7kkY5YBuNjSspoXXbeNFXa-700-700.jpg_350x350.jpg,https://www.alibaba.com/product-detail/MDF-Wooden-Cartoon-Animal-Type-Swing_60825378653.html,US$ 5.40-US$ 6.50,4.7,(1reviews),International
Digital Wooden Alarm Clock with LED Light Modern Cube Displays Date Temperature for Home Office Usage,https://img.alicdn.com/tfs/TB1S_7kkY5YBuNjSspoXXbeNFXa-700-700.jpg_350x350.jpg,https://www.alibaba.com/product-detail/Digital-Wooden-Alarm-Clock-with-LED_60779829830.html,US$ 3.70-US$ 4.50,5.0,(2reviews),International
Anchor Shaped Wall Decorative Hanging Wood Clock,https://img.alicdn.com/tfs/TB1S_7kkY5YBuNjSspoXXbeNFXa-700-700.jpg_350x350.jpg,https://www.alibaba.com/product-detail/Anchor-Shaped-Wall-Decorative-Hanging-Wood_60575824810.html,US$ 4.20-US$ 7.90,4.8,(4reviews),International
wood table digital clock with a variety of wood and light colors,https://img.alicdn.com/tfs/TB1S_7kkY5YBuNjSspoXXbeNFXa-700-700.jpg_350x350.jpg,https://www.alibaba.com/product-detail/wood-table-digital-clock-with-a_60812275352.html,US$ 7.00-US$ 8.00,5.0,(7reviews),International
Small round analog snooze night light table alarm wooden desk clock,https://img.alicdn.com/tfs/TB1S_7kkY5YBuNjSspoXXbeNFXa-700-700.jpg_350x350.jpg,https://www.alibaba.com/product-detail/Small-round-analog-snooze-night-light_62074778749.html,US$ 4.00,5.0,(3reviews),International
hot sale home office decor digital led wood wooden clock,https://img.alicdn.com/tfs/TB1S_7kkY5YBuNjSspoXXbeNFXa-700-700.jpg_350x350.jpg,https://www.alibaba.com/product-detail/hot-sale-home-office-decor-digital_60705220103.html,US$ 6.00-US$ 10.00,No ratings Provided,No responses available,International
"Old Paint Rustic Mediterranean Style Wooden Wall Clock Home Decoration,Round Shape Home Promotional modern house clock",https://img.alicdn.com/tfs/TB1S_7kkY5YBuNjSspoXXbeNFXa-700-700.jpg_350x350.jpg,https://www.alibaba.com/product-detail/Old-Paint-Rustic-Mediterranean-Style-Wooden_60729828713.html,US$ 2.25-US$ 2.35,No ratings Provided,No responses available,International
2015 new style 9 inch Luxury art wood wall Clock/ Gift clock/Promotional clock,https://img.alicdn.com/tfs/TB1S_7kkY5YBuNjSspoXXbeNFXa-700-700.jpg_350x350.jpg,https://www.alibaba.com/product-detail/2015-new-style-9-inch-Luxury_60252739939.html,US$ 2.80-US$ 3.50,4.9,(8reviews),International
Christmas Gifts LED Wooden Alarm Digital Clock,https://img.alicdn.com/tfs/TB1S_7kkY5YBuNjSspoXXbeNFXa-700-700.jpg_350x350.jpg,https://www.alibaba.com/product-detail/Christmas-Gifts-LED-Wooden-Alarm-Digital_60779322385.html,US$ 3.00-US$ 6.00,No ratings Provided,No responses available,International
Wholesale cheap price unique design large rustic wooden/mdf antique wall clock for farmhouse decoration,https://img.alicdn.com/tfs/TB1S_7kkY5YBuNjSspoXXbeNFXa-700-700.jpg_350x350.jpg,https://www.alibaba.com/product-detail/Wholesale-cheap-price-unique-design-large_62146241508.html,US$ 1.00-US$ 9.90,4.7,(2reviews),International
wooden Table clock,https://sc02.alicdn.com/kf/UTB8gJTtpbnJXKJkSahGq6xhzFXaB/wooden-Table-clock.jpg_300x300.jpg,https://www.alibaba.com/product-detail/wooden-Table-clock_62001447723.html,US$ 20.00-US$ 40.00,No ratings Provided,No responses available,International
Metal Clock Vintage Wood Decorative Wall Clock,https://sc02.alicdn.com/kf/HLB1289mQbPpK1RjSZFFq6y5PpXae/Metal-Clock-Vintage-Wood-Decorative-Wall-Clock.jpg_300x300.jpg,https://www.alibaba.com/product-detail/Metal-Clock-Vintage-Wood-Decorative-Wall_62070977210.html,US$ 49.99-US$ 69.99,No ratings Provided,No responses available,International
Newest Product For 2017 Fashion Wholesale Custom Logo Mini Smart Bell Personalized desk Alarm Clock Digital Led Wood Clock,https://sc01.alicdn.com/kf/HTB1KtnEdAfb_uJkHFCcq6xagFXa8/Newest-Product-For-2017-Fashion-Wholesale-Custom.jpg_300x300.jpg,https://www.alibaba.com/product-detail/Newest-Product-For-2017-Fashion-Wholesale_60603640654.html,US$ 6.90-US$ 12.00,4.4,(22reviews),International
Home Desk Digital LED Stand Table Wooden Alarm Clock for Hotel with Temperature,https://sc01.alicdn.com/kf/HTB1agsZXW1s3KVjSZFAq6x_ZXXal/Home-Desk-Digital-LED-Stand-Table-Wooden.jpg_300x300.jpg,https://www.alibaba.com/product-detail/Home-Desk-Digital-LED-Stand-Table_60379240120.html,US$ 3.80-US$ 4.10,4.7,(5reviews),International
Farmhouse Metal & Solid Wood Noiseless Antique Wall Clock,https://sc01.alicdn.com/kf/HTB1zMNlOXzqK1RjSZFoq6zfcXXaS/Farmhouse-Metal-Solid-Wood-Noiseless-Antique-Wall.jpg_300x300.jpg,https://www.alibaba.com/product-detail/Farmhouse-Metal-Solid-Wood-Noiseless-Antique_62054081474.html,US$ 2.00-US$ 5.00,5.0,(5reviews),International
Wall decoration wooden and metal old vintage hanging clock,https://sc02.alicdn.com/kf/HTB1VRu6bRCw3KVjSZFuq6AAOpXaa/Wall-decoration-wooden-and-metal-old-vintage.jpg_300x300.jpg,https://www.alibaba.com/product-detail/Wall-decoration-wooden-and-metal-old_62149867998.html,US$ 13.53-US$ 14.53,5.0,(1reviews),International
Hot sell led wooden clocks wooden cube led clock led digital wooden desk clock,https://sc01.alicdn.com/kf/HTB17fUJjsLJ8KJjy0Fnq6AFDpXat/Hot-sell-led-wooden-clocks-wooden-cube.jpg_300x300.jpg,https://www.alibaba.com/product-detail/Hot-sell-led-wooden-clocks-wooden_60723430942.html,US$ 4.00-US$ 5.00,4.7,(17reviews),International
Desktop Different Colored Fonts 3D Digital Thermometer Temperature Time and Date Roller Play Wooden Bedroom Alarm Clock,https://sc01.alicdn.com/kf/HLB1Lly6SNjaK1RjSZFAq6zdLFXa9/Desktop-Different-Colored-Fonts-3D-Digital-Thermometer.jpg_300x300.jpg,https://www.alibaba.com/product-detail/Desktop-Different-Colored-Fonts-3D-Digital_60816366649.html,US$ 4.34,5.0,(1reviews),International
Top Selling Modern Design Natural Solid Wood Desk Gift Clock,https://img.alicdn.com/tfs/TB1S_7kkY5YBuNjSspoXXbeNFXa-700-700.jpg_350x350.jpg,https://www.alibaba.com/product-detail/Top-Selling-Modern-Design-Natural-Solid_60796399716.html,US$ 7.00-US$ 12.00,5.0,(1reviews),International
12 Inch Modern large white Round wooden Wall Clocks with Bough Hands,https://img.alicdn.com/tfs/TB1S_7kkY5YBuNjSspoXXbeNFXa-700-700.jpg_350x350.jpg,https://www.alibaba.com/product-detail/12-Inch-Modern-large-white-Round_62059053963.html,US$ 2.10-US$ 7.20,No ratings Provided,No responses available,International
Gift Types Digital Calendar Day Night Wood Bamboo Bulk Alarm Wooden Clock in The Desk,https://img.alicdn.com/tfs/TB1S_7kkY5YBuNjSspoXXbeNFXa-700-700.jpg_350x350.jpg,https://www.alibaba.com/product-detail/Gift-Types-Digital-Calendar-Day-Night_60821567508.html,US$ 25.00-US$ 28.40,5.0,(27reviews),International
60cm Rustic Country Tuscan Style 3D decoration gear wooden vintage hot Selling retro clock Wall Clock,https://img.alicdn.com/tfs/TB1S_7kkY5YBuNjSspoXXbeNFXa-700-700.jpg_350x350.jpg,https://www.alibaba.com/product-detail/60cm-Rustic-Country-Tuscan-Style-3D_60826167382.html,US$ 7.80-US$ 10.20,No ratings Provided,No responses available,International
NASIDA 2019 Popular designer beautiful modern luxury home decorative diy wooden balls wall clocks Candy clock simple clock,https://img.alicdn.com/tfs/TB1S_7kkY5YBuNjSspoXXbeNFXa-700-700.jpg_350x350.jpg,https://www.alibaba.com/product-detail/NASIDA-2019-Popular-designer-beautiful-modern_60143236843.html,US$ 16.00-US$ 23.00,No ratings Provided,No responses available,International
"12"" round wooden frame led digital table clock",https://img.alicdn.com/tfs/TB1S_7kkY5YBuNjSspoXXbeNFXa-700-700.jpg_350x350.jpg,https://www.alibaba.com/product-detail/12-round-wooden-frame-led-digital_60838207508.html,US$ 13.00-US$ 16.00,No ratings Provided,No responses available,International
Wooden cuckoo clock kit low price cuckoo wall clock,https://img.alicdn.com/tfs/TB1S_7kkY5YBuNjSspoXXbeNFXa-700-700.jpg_350x350.jpg,https://www.alibaba.com/product-detail/Wooden-cuckoo-clock-kit-low-price_60503163265.html,US$ 0.90-US$ 1.80,4.1,(4reviews),International
3D digital wall clock plastic round silver wall clock,https://img.alicdn.com/tfs/TB1S_7kkY5YBuNjSspoXXbeNFXa-700-700.jpg_350x350.jpg,https://www.alibaba.com/product-detail/3D-digital-wall-clock-plastic-round_62011750262.html,US$ 1.80-US$ 2.80,5.0,(2reviews),International
BOGOTIME Non Ticking Handmade Analog Calendar Wooden Wall Clock,https://img.alicdn.com/tfs/TB1S_7kkY5YBuNjSspoXXbeNFXa-700-700.jpg_350x350.jpg,https://www.alibaba.com/product-detail/BOGOTIME-Non-Ticking-Handmade-Analog-Calendar_60402450456.html,US$ 9.30-US$ 10.50,No ratings Provided,No responses available,International
Old Town Farmhouse Metal Solid Wood Noiseless Wall Clock,https://img.alicdn.com/tfs/TB1S_7kkY5YBuNjSspoXXbeNFXa-700-700.jpg_350x350.jpg,https://www.alibaba.com/product-detail/Old-Town-Farmhouse-Metal-Solid-Wood_60833517637.html,US$ 15.00-US$ 25.00,5.0,(1reviews),International
Fashion home decoration solid wood material wooden wall clock,https://img.alicdn.com/tfs/TB1S_7kkY5YBuNjSspoXXbeNFXa-700-700.jpg_350x350.jpg,https://www.alibaba.com/product-detail/Fashion-home-decoration-solid-wood-material_60743099649.html,US$ 0.10-US$ 0.20,No ratings Provided,No responses available,International
Mechanical Rotating Wall clocks Wooden case CE/FCC/ISO with Silver Dial and Gold Pendulum,https://img.alicdn.com/tfs/TB1S_7kkY5YBuNjSspoXXbeNFXa-700-700.jpg_350x350.jpg,https://www.alibaba.com/product-detail/Mechanical-Rotating-Wall-clocks-Wooden-case_1624252857.html,US$ 145.00-US$ 175.00,No ratings Provided,No responses available,International
modern creative wooden decoration wall clock,https://img.alicdn.com/tfs/TB1S_7kkY5YBuNjSspoXXbeNFXa-700-700.jpg_350x350.jpg,https://www.alibaba.com/product-detail/modern-creative-wooden-decoration-wall-clock_60673012377.html,US$ 5.00-US$ 10.00,4.8,(28reviews),International
Decorative Desktop Table Clock With Pen Holder Wooden Desk Clock,https://img.alicdn.com/tfs/TB1S_7kkY5YBuNjSspoXXbeNFXa-700-700.jpg_350x350.jpg,https://www.alibaba.com/product-detail/Decorative-Desktop-Table-Clock-With-Pen_60711378014.html,US$ 7.00-US$ 9.00,5.0,(12reviews),International
Metal Wall Clocks Antique Style Double Sided Wood Color Wall Clock,https://img.alicdn.com/tfs/TB1S_7kkY5YBuNjSspoXXbeNFXa-700-700.jpg_350x350.jpg,https://www.alibaba.com/product-detail/Metal-Wall-Clocks-Antique-Style-Double_60829127822.html,US$ 82.00,4.2,(2reviews),International
Digital LED Desk Table Snooze Alarm Wooden Clock with Temperature,https://img.alicdn.com/tfs/TB1S_7kkY5YBuNjSspoXXbeNFXa-700-700.jpg_350x350.jpg,https://www.alibaba.com/product-detail/Digital-LED-Desk-Table-Snooze-Alarm_60788811597.html,US$ 4.80-US$ 5.50,No ratings Provided,No responses available,International
Hot Selling Cute Led Desk Cube Digital Alarm Clock Wholesale,https://img.alicdn.com/tfs/TB1S_7kkY5YBuNjSspoXXbeNFXa-700-700.jpg_350x350.jpg,https://www.alibaba.com/product-detail/Hot-Selling-Cute-Led-Desk-Cube_60811502843.html,US$ 6.20-US$ 7.00,5.0,(14reviews),International
Custom Top China Luxury 3D Home Digital Decoration Wooden Wall Clock,https://img.alicdn.com/tfs/TB1S_7kkY5YBuNjSspoXXbeNFXa-700-700.jpg_350x350.jpg,https://www.alibaba.com/product-detail/Custom-Top-China-Luxury-3D-Home_62094898254.html,US$ 15.00,No ratings Provided,No responses available,International
Bedroom LED Alarm Clock 3 Groups of Alarm Wooden Clock,https://img.alicdn.com/tfs/TB1S_7kkY5YBuNjSspoXXbeNFXa-700-700.jpg_350x350.jpg,https://www.alibaba.com/product-detail/Bedroom-LED-Alarm-Clock-3-Groups_60769716921.html,US$ 6.00-US$ 8.00,5.0,(2reviews),International
Modern Designer modern luxury home North european style Blue Block Decorative Wooden Wall Clock,https://img.alicdn.com/tfs/TB1S_7kkY5YBuNjSspoXXbeNFXa-700-700.jpg_350x350.jpg,https://www.alibaba.com/product-detail/Modern-Designer-modern-luxury-home-North_60806180878.html,US$ 50.00-US$ 60.00,5.0,(2reviews),International
Creative LED Digital Wooden Home Desk Alarm Clock with Temperature Display,https://img.alicdn.com/tfs/TB1S_7kkY5YBuNjSspoXXbeNFXa-700-700.jpg_350x350.jpg,https://www.alibaba.com/product-detail/Creative-LED-Digital-Wooden-Home-Desk_60690510664.html,US$ 4.21-US$ 8.91,4.9,(5reviews),International
Vintage wooden wall clock for the home and bar decoration (SDMCL943) cheap antique decorative big gear wall clock,https://img.alicdn.com/tfs/TB1S_7kkY5YBuNjSspoXXbeNFXa-700-700.jpg_350x350.jpg,https://www.alibaba.com/product-detail/Vintage-wooden-wall-clock-for-the_60807989607.html,US$ 10.40-US$ 12.00,4.8,(7reviews),International
Customized Color Non Ticking Silent Wooden World Map Wall Clock for Office,https://img.alicdn.com/tfs/TB1S_7kkY5YBuNjSspoXXbeNFXa-700-700.jpg_350x350.jpg,https://www.alibaba.com/product-detail/Customized-Color-Non-Ticking-Silent-Wooden_60831152046.html,US$ 10.00,No ratings Provided,No responses available,International
Customized hot selling hom decorative antique vintage wooden metal quartz wall clock,https://img.alicdn.com/tfs/TB1S_7kkY5YBuNjSspoXXbeNFXa-700-700.jpg_350x350.jpg,https://www.alibaba.com/product-detail/Customized-hot-selling-hom-decorative-antique_60686401491.html,US$ 18.80-US$ 25.00,No ratings Provided,No responses available,International
White LED wooden Board Temperature thermometer digital watch alarm clock,https://img.alicdn.com/tfs/TB1S_7kkY5YBuNjSspoXXbeNFXa-700-700.jpg_350x350.jpg,https://www.alibaba.com/product-detail/White-LED-wooden-Board-Temperature-thermometer_60714783066.html,US$ 5.60-US$ 11.00,4.9,(8reviews),International
Rustic Farmhouse Worn Blue and White Roman Numeral wood carving wall clock for Home,https://img.alicdn.com/tfs/TB1S_7kkY5YBuNjSspoXXbeNFXa-700-700.jpg_350x350.jpg,https://www.alibaba.com/product-detail/Rustic-Farmhouse-Worn-Blue-and-White_62060253769.html,US$ 2.35-US$ 7.17,3.7,(9reviews),International
Multifunctional Led Digital Wooden QI Wireless Fast Charge Clock - Electronic Quick Charger Wooden Clock Cellphone Power Charger,https://img.alicdn.com/tfs/TB1S_7kkY5YBuNjSspoXXbeNFXa-700-700.jpg_350x350.jpg,https://www.alibaba.com/product-detail/Multifunctional-Led-Digital-Wooden-QI-Wireless_62043816246.html,US$ 9.85-US$ 12.85,No ratings Provided,No responses available,International
Hot sale Square Desktop Clocks LED Alarm Wood Wooden Digital stand clock with temperature display in green blue white red color,https://img.alicdn.com/tfs/TB1S_7kkY5YBuNjSspoXXbeNFXa-700-700.jpg_350x350.jpg,https://www.alibaba.com/product-detail/Hot-sale-Square-Desktop-Clocks-LED_60486541160.html,US$ 4.00-US$ 5.50,4.7,(31reviews),International
NASIDA 2019 Popular designer beautiful modern luxury home decorative diy wooden balls wall clocks Candy clock simple clock,https://sc01.alicdn.com/kf/HTB13tPnNXXXXXbgXVXXq6xXFXXXC/NASIDA-2019-Popular-designer-beautiful-modern-luxury.jpg_300x300.jpg,https://www.alibaba.com/product-detail/NASIDA-2019-Popular-designer-beautiful-modern_60143236843.html,US$ 16.00-US$ 23.00,No ratings Provided,No responses available,International
"Justup Children Wooden Wall Clock, 11 Inch Quality Quartz Movement Nursery Clock",https://sc02.alicdn.com/kf/HLB1YO4fS6TpK1RjSZKPq6y3UpXar/Justup-Children-Wooden-Wall-Clock-11-Inch.jpg_300x300.jpg,https://www.alibaba.com/product-detail/Justup-Children-Wooden-Wall-Clock-11_62094965219.html,US$ 6.50-US$ 7.50,No ratings Provided,No responses available,International
White LED wooden Board Temperature thermometer digital watch alarm clock,https://sc01.alicdn.com/kf/HTB1SlDFd9fD8KJjSszhq6zIJFXa7/White-LED-wooden-Board-Temperature-thermometer-digital.jpg_300x300.jpg,https://www.alibaba.com/product-detail/White-LED-wooden-Board-Temperature-thermometer_60714783066.html,US$ 5.60-US$ 11.00,4.9,(8reviews),International
Hot sale handmade Wooden wall digital alarm clock,https://sc01.alicdn.com/kf/HTB1hamvXwvGK1Jjy0Ffq6zykpXa5/Hot-sale-handmade-Wooden-wall-digital-alarm.jpg_300x300.jpg,https://www.alibaba.com/product-detail/Hot-sale-handmade-Wooden-wall-digital_60619683337.html,US$ 2.50-US$ 6.00,4.6,(10reviews),International
Large Display Digital Wooden Clock table Alarm Desk LED Wooden Clock for amazon top seller 2018,https://sc01.alicdn.com/kf/HTB1IsanqeOSBuNjy0Fdq6zDnVXaR/Large-Display-Digital-Wooden-Clock-table-Alarm.jpg_300x300.jpg,https://www.alibaba.com/product-detail/Large-Display-Digital-Wooden-Clock-table_60759041297.html,US$ 6.00-US$ 9.00,5.0,(19reviews),International
household table wood led alarm clock with wireless charger and temperature display,https://sc01.alicdn.com/kf/HTB1yhQpdnZmx1VjSZFGq6yx2XXaH/household-table-wood-led-alarm-clock-with.jpg_300x300.jpg,https://www.alibaba.com/product-detail/household-table-wood-led-alarm-clock_62027429027.html,US$ 8.00,No ratings Provided,No responses available,International
Digital LED Desk Table Snooze Alarm Wooden Clock with Temperature,https://sc02.alicdn.com/kf/HTB1opecKXOWBuNjy0Fiq6xFxVXa2/Digital-LED-Desk-Table-Snooze-Alarm-Wooden.jpg_300x300.jpg,https://www.alibaba.com/product-detail/Digital-LED-Desk-Table-Snooze-Alarm_60788811597.html,US$ 4.80-US$ 5.50,No ratings Provided,No responses available,International
DF902 2016 Hot selling cube digital led wooden Desk clocks with alarm,https://sc02.alicdn.com/kf/HTB1PY4HSpXXXXbWaFXXq6xXFXXXK/DF902-2016-Hot-selling-cube-digital-led.jpg_300x300.jpg,https://www.alibaba.com/product-detail/DF902-2016-Hot-selling-cube-digital_60442552424.html,US$ 4.49-US$ 4.99,4.1,(7reviews),International
Modern Wholesale factory Handmade wooden frame Wall Clock with mirror,https://img.alicdn.com/tfs/TB1S_7kkY5YBuNjSspoXXbeNFXa-700-700.jpg_350x350.jpg,https://www.alibaba.com/product-detail/Modern-Wholesale-factory-Handmade-wooden-frame_60686667320.html,US$ 8.00-US$ 13.00,5.0,(4reviews),International
"Newest Popular Solid Noiseless Wood Wall Clock,18 inch",https://img.alicdn.com/tfs/TB1S_7kkY5YBuNjSspoXXbeNFXa-700-700.jpg_350x350.jpg,https://www.alibaba.com/product-detail/Newest-Popular-Solid-Noiseless-Wood-Wall_60834165238.html,US$ 9.99,5.0,(3reviews),International
led digital desk clock,https://img.alicdn.com/tfs/TB1S_7kkY5YBuNjSspoXXbeNFXa-700-700.jpg_350x350.jpg,https://www.alibaba.com/product-detail/led-digital-desk-clock_62048155664.html,US$ 4.20-US$ 4.72,No ratings Provided,No responses available,International
New design wireless charger home decor wooden digital clock,https://img.alicdn.com/tfs/TB1S_7kkY5YBuNjSspoXXbeNFXa-700-700.jpg_350x350.jpg,https://www.alibaba.com/product-detail/New-design-wireless-charger-home-decor_60771327910.html,US$ 10.50-US$ 14.50,4.9,(6reviews),International
New Design Cartoon Wooden Kids Wall Clock for Sale Wall Wooden+Metal Large Size Wall Clock Printing,https://img.alicdn.com/tfs/TB1S_7kkY5YBuNjSspoXXbeNFXa-700-700.jpg_350x350.jpg,https://www.alibaba.com/product-detail/New-Design-Cartoon-Wooden-Kids-Wall_60823956094.html,US$ 1.00-US$ 3.00,3.2,(3reviews),International
OXGIFT Wholesale Factory Price Movie clapper board wooden wall clock,https://img.alicdn.com/tfs/TB1S_7kkY5YBuNjSspoXXbeNFXa-700-700.jpg_350x350.jpg,https://www.alibaba.com/product-detail/OXGIFT-Wholesale-Factory-Price-Movie-clapper_60522623696.html,US$ 4.30-US$ 5.10,4.8,(76reviews),International
Voice Control Temperature Display USB Desktop Clock Digital LED Wooden Alarm Clock,https://img.alicdn.com/tfs/TB1S_7kkY5YBuNjSspoXXbeNFXa-700-700.jpg_350x350.jpg,https://www.alibaba.com/product-detail/Voice-Control-Temperature-Display-USB-Desktop_62053899134.html,US$ 5.80-US$ 6.80,4.7,(9reviews),International
Electronic small clocks light modern desk table clock Smart digital LED wooden alarm clock,https://img.alicdn.com/tfs/TB1S_7kkY5YBuNjSspoXXbeNFXa-700-700.jpg_350x350.jpg,https://www.alibaba.com/product-detail/Electronic-small-clocks-light-modern-desk_62154763971.html,US$ 8.60-US$ 10.00,No ratings Provided,No responses available,International
Small Digital Wooden Triangle Alarm LED Desk Clock With Calendar,https://img.alicdn.com/tfs/TB1S_7kkY5YBuNjSspoXXbeNFXa-700-700.jpg_350x350.jpg,https://www.alibaba.com/product-detail/Small-Digital-Wooden-Triangle-Alarm-LED_60812125241.html,US$ 4.58-US$ 6.68,4.7,(1reviews),International
Wooden Handmade Vintage Mosaic Wall Clock Decorative Round Wall Clock,https://img.alicdn.com/tfs/TB1S_7kkY5YBuNjSspoXXbeNFXa-700-700.jpg_350x350.jpg,https://www.alibaba.com/product-detail/Wooden-Handmade-Vintage-Mosaic-Wall-Clock_60401904615.html,US$ 1.00-US$ 30.00,5.0,(2reviews),International
American flag retro wooden wall clock,https://img.alicdn.com/tfs/TB1S_7kkY5YBuNjSspoXXbeNFXa-700-700.jpg_350x350.jpg,https://www.alibaba.com/product-detail/American-flag-retro-wooden-wall-clock_60678067377.html,US$ 1.00-US$ 2.50,5.0,(4reviews),International
solid wood material wooden wall clock,https://img.alicdn.com/tfs/TB1S_7kkY5YBuNjSspoXXbeNFXa-700-700.jpg_350x350.jpg,https://www.alibaba.com/product-detail/solid-wood-material-wooden-wall-clock_60669478328.html,US$ 1.00-US$ 3.00,No ratings Provided,No responses available,International
Triangle black wooden desk clock,https://img.alicdn.com/tfs/TB1S_7kkY5YBuNjSspoXXbeNFXa-700-700.jpg_350x350.jpg,https://www.alibaba.com/product-detail/Triangle-black-wooden-desk-clock_60840486359.html,US$ 15.00-US$ 20.00,No ratings Provided,No responses available,International
iron/wooden wall clock,https://img.alicdn.com/tfs/TB1S_7kkY5YBuNjSspoXXbeNFXa-700-700.jpg_350x350.jpg,https://www.alibaba.com/product-detail/iron-wooden-wall-clock_62004565305.html,US$ 10.00-US$ 250.00,No ratings Provided,No responses available,International
WanuoCraft Wood Mini Digital Alarm Clock for Bedrooms Voice Command,https://img.alicdn.com/tfs/TB1S_7kkY5YBuNjSspoXXbeNFXa-700-700.jpg_350x350.jpg,https://www.alibaba.com/product-detail/WanuoCraft-Wood-Mini-Digital-Alarm-Clock_60765787034.html,US$ 3.70-US$ 6.50,5.0,(80reviews),International
"Pen Holder Clock W/ Base, Pen Holder Wooden Desk Clock,",https://img.alicdn.com/tfs/TB1S_7kkY5YBuNjSspoXXbeNFXa-700-700.jpg_350x350.jpg,https://www.alibaba.com/product-detail/Pen-Holder-Clock-W-Base-Pen_143270226.html,US$ 10.00-US$ 15.00,No ratings Provided,No responses available,International
Multicolor cube led square table digital wooden alarm clock with sound control_HL4269,https://img.alicdn.com/tfs/TB1S_7kkY5YBuNjSspoXXbeNFXa-700-700.jpg_350x350.jpg,https://www.alibaba.com/product-detail/Multicolor-cube-led-square-table-digital_60742193020.html,US$ 3.50-US$ 5.50,4.5,(24reviews),International
Farmhouse Rustic Barn Vintage Bronze Metal & Solid Wood Noiseless Big Oversized Wall Clock,https://img.alicdn.com/tfs/TB1S_7kkY5YBuNjSspoXXbeNFXa-700-700.jpg_350x350.jpg,https://www.alibaba.com/product-detail/Farmhouse-Rustic-Barn-Vintage-Bronze-Metal_60754010111.html,US$ 19.00-US$ 22.00,5.0,(2reviews),International
vintage wooden Dome tire wall clock,https://img.alicdn.com/tfs/TB1S_7kkY5YBuNjSspoXXbeNFXa-700-700.jpg_350x350.jpg,https://www.alibaba.com/product-detail/vintage-wooden-Dome-tire-wall-clock_406023531.html,US$ 3.00-US$ 10.00,No ratings Provided,No responses available,International
New Design Custom Wood Digital Wall Clock,https://img.alicdn.com/tfs/TB1S_7kkY5YBuNjSspoXXbeNFXa-700-700.jpg_350x350.jpg,https://www.alibaba.com/product-detail/New-Design-Custom-Wood-Digital-Wall_60796812852.html,US$ 3.10-US$ 7.00,2.5,(5reviews),International
sweep analog alarm hotel room rosewood desktop clock,https://img.alicdn.com/tfs/TB1S_7kkY5YBuNjSspoXXbeNFXa-700-700.jpg_350x350.jpg,https://www.alibaba.com/product-detail/sweep-analog-alarm-hotel-room-rosewood_60808462986.html,US$ 6.80,4.8,(3reviews),International
Creative LED wooden alarm digital clock with QI wireless mobile phone charger,https://img.alicdn.com/tfs/TB1S_7kkY5YBuNjSspoXXbeNFXa-700-700.jpg_350x350.jpg,https://www.alibaba.com/product-detail/Creative-LED-wooden-alarm-digital-clock_60798395284.html,US$ 11.50-US$ 15.50,5.0,(6reviews),International
Wooden wholesale art wall clock,https://img.alicdn.com/tfs/TB1S_7kkY5YBuNjSspoXXbeNFXa-700-700.jpg_350x350.jpg,https://www.alibaba.com/product-detail/Wooden-wholesale-art-wall-clock_62055158510.html,US$ 9.86-US$ 15.99,No ratings Provided,No responses available,International
Simple design custom made wholesale unique home decor cheap wooden clock for living room,https://img.alicdn.com/tfs/TB1S_7kkY5YBuNjSspoXXbeNFXa-700-700.jpg_350x350.jpg,https://www.alibaba.com/product-detail/Simple-design-custom-made-wholesale-unique_62173258226.html,US$ 8.07-US$ 9.02,5.0,(3reviews),International
Retro Bluetooth Speaker Alarm Clock with Light for Home Decor,https://img.alicdn.com/tfs/TB1S_7kkY5YBuNjSspoXXbeNFXa-700-700.jpg_350x350.jpg,https://www.alibaba.com/product-detail/Retro-Bluetooth-Speaker-Alarm-Clock-with_62111001722.html,US$ 13.90-US$ 14.50,5.0,(1reviews),International
Vintage rustic wooden large wall clock Oversized,https://img.alicdn.com/tfs/TB1S_7kkY5YBuNjSspoXXbeNFXa-700-700.jpg_350x350.jpg,https://www.alibaba.com/product-detail/Vintage-rustic-wooden-large-wall-clock_60688129742.html,US$ 13.00-US$ 15.00,5.0,(5reviews),International
"7led digital alarm clock wood wake-up light with 6 nature sounds, FM radio, touch control and USB charger",https://img.alicdn.com/tfs/TB1S_7kkY5YBuNjSspoXXbeNFXa-700-700.jpg_350x350.jpg,https://www.alibaba.com/product-detail/7led-digital-alarm-clock-wood-wake_60698349541.html,US$ 12.90-US$ 13.90,4.8,(8reviews),International
Round Wood 12inch Fashion Quartz Wood Wall Clock,https://img.alicdn.com/tfs/TB1S_7kkY5YBuNjSspoXXbeNFXa-700-700.jpg_350x350.jpg,https://www.alibaba.com/product-detail/Round-Wood-12inch-Fashion-Quartz-Wood_60819085305.html,US$ 2.00-US$ 5.00,4.9,(7reviews),International
farmhouse wooden color taiwan movement wall clock,https://sc01.alicdn.com/kf/HLB1LEDYRirpK1RjSZFhq6xSdXXaH/farmhouse-wooden-color-taiwan-movement-wall-clock.jpg_300x300.jpg,https://www.alibaba.com/product-detail/farmhouse-wooden-color-taiwan-movement-wall_62078961623.html,US$ 2.20-US$ 2.50,4.9,(15reviews),International
"Oldtown Farmhouse Metal & Solid Wood Noiseless Wall Clock (Black Gold, 30-inch)",https://sc02.alicdn.com/kf/HTB1EgEDatfvK1RjSszhq6AcGFXaC/Oldtown-Farmhouse-Metal-Solid-Wood-Noiseless-Wall.jpg_300x300.jpg,https://www.alibaba.com/product-detail/Oldtown-Farmhouse-Metal-Solid-Wood-Noiseless_60838706059.html,US$ 8.00-US$ 10.00,No ratings Provided,No responses available,International
Promotional Fantasy Art Gothic Decor Wooden Wall Clock,https://sc01.alicdn.com/kf/HTB1eHpRLMHqK1RjSZJnq6zNLpXad/Promotional-Fantasy-Art-Gothic-Decor-Wooden-Wall.jpg_300x300.jpg,https://www.alibaba.com/product-detail/Promotional-Fantasy-Art-Gothic-Decor-Wooden_62032507725.html,US$ 1.88-US$ 2.88,No ratings Provided,No responses available,International
2018 new design modern home decor wood crafts wall clocks,https://sc01.alicdn.com/kf/HTB1iXdkmr1YBuNjSszeq6yblFXab/2018-new-design-modern-home-decor-wood.jpg_300x300.jpg,https://www.alibaba.com/product-detail/2018-new-design-modern-home-decor_60608237848.html,US$ 16.00-US$ 32.00,No ratings Provided,No responses available,International
China Supplier Clock Factory Wholesale Decorative Wall Clock Wooden Modern Wall Clock,https://sc01.alicdn.com/kf/HTB1um3FhsnI8KJjSsziq6z8QpXaZ/China-Supplier-Clock-Factory-Wholesale-Decorative-Wall.jpg_300x300.jpg,https://www.alibaba.com/product-detail/China-Supplier-Clock-Factory-Wholesale-Decorative_60721626523.html,US$ 41.00-US$ 45.00,5.0,(3reviews),International
"Hot in Nigeria ,sublimation blank wooden MDF Wall clock ,Hanging wall clock",https://sc01.alicdn.com/kf/HTB1kJZIxyOYBuNjSsD4q6zSkFXaI/Hot-in-Nigeria-sublimation-blank-wooden-MDF.jpg_300x300.jpg,https://www.alibaba.com/product-detail/Hot-in-Nigeria-sublimation-blank-wooden_60781125044.html,US$ 3.88,4.8,(17reviews),International
"Digital smart wooden time alarm clock of desktop&table with bluetooth speaker ,dual usb outputs,touch screen,qi wireless charger",https://sc02.alicdn.com/kf/HTB1r4w5SFXXXXawXXXXq6xXFXXXv/Digital-smart-wooden-time-alarm-clock-of.jpg_300x300.jpg,https://www.alibaba.com/product-detail/Digital-smart-wooden-time-alarm-clock_60468256365.html,US$ 42.00-US$ 50.00,No ratings Provided,No responses available,International
12 Inch Wooden Effect Plastic Wall Clock,https://sc02.alicdn.com/kf/HTB1QphJb2MTUeJjSZFKq6ygopXaG/12-Inch-Wooden-Effect-Plastic-Wall-Clock.jpg_300x300.jpg,https://www.alibaba.com/product-detail/12-Inch-Wooden-Effect-Plastic-Wall_60699863700.html,US$ 3.99-US$ 8.99,No ratings Provided,No responses available,International
Chinese Wall French Vintage Decorative Wooden Clock,https://img.alicdn.com/tfs/TB1S_7kkY5YBuNjSspoXXbeNFXa-700-700.jpg_350x350.jpg,https://www.alibaba.com/product-detail/Chinese-Wall-French-Vintage-Decorative-Wooden_60778774828.html,US$ 14.70-US$ 16.17,4.9,(5reviews),International
Retro industrial style handmade wooden gear wall clock for gift,https://img.alicdn.com/tfs/TB1S_7kkY5YBuNjSspoXXbeNFXa-700-700.jpg_350x350.jpg,https://www.alibaba.com/product-detail/Retro-industrial-style-handmade-wooden-gear_60752501802.html,US$ 5.90-US$ 9.90,No ratings Provided,No responses available,International
Farmhouse Metal Solid Wood Noiseless Wall Clock,https://img.alicdn.com/tfs/TB1S_7kkY5YBuNjSspoXXbeNFXa-700-700.jpg_350x350.jpg,https://www.alibaba.com/product-detail/Farmhouse-Metal-Solid-Wood-Noiseless-Wall_62142168228.html,US$ 22.47-US$ 29.99,No ratings Provided,No responses available,International
Desktop FM DAB Radio MDF Wooden Finish Digital Alarm Clock,https://img.alicdn.com/tfs/TB1S_7kkY5YBuNjSspoXXbeNFXa-700-700.jpg_350x350.jpg,https://www.alibaba.com/product-detail/Desktop-FM-DAB-Radio-MDF-Wooden_60531948450.html,US$ 31.00-US$ 33.00,No ratings Provided,No responses available,International
Modern design football shaped 3D decorative wooden wall clock,https://img.alicdn.com/tfs/TB1S_7kkY5YBuNjSspoXXbeNFXa-700-700.jpg_350x350.jpg,https://www.alibaba.com/product-detail/Modern-design-football-shaped-3D-decorative_62007036713.html,US$ 1.80-US$ 2.00,5.0,(5reviews),International
Eliya factory top selling logo design 5 star hotel wooden alarm clock,https://img.alicdn.com/tfs/TB1S_7kkY5YBuNjSspoXXbeNFXa-700-700.jpg_350x350.jpg,https://www.alibaba.com/product-detail/Eliya-factory-top-selling-logo-design_62135513370.html,US$ 4.10-US$ 9.10,No ratings Provided,No responses available,International
12 Inch Vintage Design Wooden Round Clock Rustic Shabby Chic Style Wall Clock,https://img.alicdn.com/tfs/TB1S_7kkY5YBuNjSspoXXbeNFXa-700-700.jpg_350x350.jpg,https://www.alibaba.com/product-detail/12-Inch-Vintage-Design-Wooden-Round_62124916877.html,US$ 1.59-US$ 2.49,5.0,(2reviews),International
tooth shape home decorative yellow wood clock,https://img.alicdn.com/tfs/TB1S_7kkY5YBuNjSspoXXbeNFXa-700-700.jpg_350x350.jpg,https://www.alibaba.com/product-detail/tooth-shape-home-decorative-yellow-wood_60669824569.html,US$ 12.00-US$ 16.00,4.9,(20reviews),International
custom Englishness slap-up unique pretty vintage wood wall clocks for gift,https://img.alicdn.com/tfs/TB1S_7kkY5YBuNjSspoXXbeNFXa-700-700.jpg_350x350.jpg,https://www.alibaba.com/product-detail/custom-Englishness-slap-up-unique-pretty_60501968282.html,US$ 20.00,4.7,(14reviews),International
Dinosaur shape design wall clock decorative wooden clock silence wall clock,https://img.alicdn.com/tfs/TB1S_7kkY5YBuNjSspoXXbeNFXa-700-700.jpg_350x350.jpg,https://www.alibaba.com/product-detail/Dinosaur-shape-design-wall-clock-decorative_60788302933.html,US$ 7.10-US$ 11.20,No ratings Provided,No responses available,International
Large Music Wooden Table Clock LCD Electronic Eesktop Clock,https://img.alicdn.com/tfs/TB1S_7kkY5YBuNjSspoXXbeNFXa-700-700.jpg_350x350.jpg,https://www.alibaba.com/product-detail/Large-Music-Wooden-Table-Clock-LCD_62144395732.html,US$ 7.70-US$ 9.80,5.0,(1reviews),International
Wood grain table alarm clock,https://img.alicdn.com/tfs/TB1S_7kkY5YBuNjSspoXXbeNFXa-700-700.jpg_350x350.jpg,https://www.alibaba.com/product-detail/Wood-grain-table-alarm-clock_60840663597.html,US$ 8.50-US$ 10.00,4.8,(2reviews),International
2019 fashion style wooden clock creative cork clock wall decorative cork clock for home office,https://img.alicdn.com/tfs/TB1S_7kkY5YBuNjSspoXXbeNFXa-700-700.jpg_350x350.jpg,https://www.alibaba.com/product-detail/2019-fashion-style-wooden-clock-creative_62109741844.html,US$ 5.50-US$ 5.80,5.0,(2reviews),International
Hot sale eco-friendly dinosaur shape bamboo wood wall clock for kids,https://img.alicdn.com/tfs/TB1S_7kkY5YBuNjSspoXXbeNFXa-700-700.jpg_350x350.jpg,https://www.alibaba.com/product-detail/Hot-sale-eco-friendly-dinosaur-shape_60806531435.html,US$ 4.99-US$ 9.99,4.9,(10reviews),International
Vintage decorative handmade wooden wall clock for home decoration,https://img.alicdn.com/tfs/TB1S_7kkY5YBuNjSspoXXbeNFXa-700-700.jpg_350x350.jpg,https://www.alibaba.com/product-detail/Vintage-decorative-handmade-wooden-wall-clock_60830422361.html,US$ 4.20-US$ 5.80,No ratings Provided,No responses available,International
Special best sell northern europe high-grade london style wooden wall clock,https://img.alicdn.com/tfs/TB1S_7kkY5YBuNjSspoXXbeNFXa-700-700.jpg_350x350.jpg,https://www.alibaba.com/product-detail/Special-best-sell-northern-europe-high_60233542270.html,US$ 6.00-US$ 18.00,No ratings Provided,No responses available,International
New Arrival wooden clock with pen holder,https://img.alicdn.com/tfs/TB1S_7kkY5YBuNjSspoXXbeNFXa-700-700.jpg_350x350.jpg,https://www.alibaba.com/product-detail/New-Arrival-wooden-clock-with-pen_62060294833.html,US$ 5.00-US$ 10.00,5.0,(2reviews),International
Cason Customizable Wooden Wall Clock,https://img.alicdn.com/tfs/TB1S_7kkY5YBuNjSspoXXbeNFXa-700-700.jpg_350x350.jpg,https://www.alibaba.com/product-detail/Cason-Customizable-Wooden-Wall-Clock_60506590488.html,US$ 4.50,5.0,(3reviews),International
Black mini table leather wooden metal digital alarm clock with light for kids,https://img.alicdn.com/tfs/TB1S_7kkY5YBuNjSspoXXbeNFXa-700-700.jpg_350x350.jpg,https://www.alibaba.com/product-detail/Black-mini-table-leather-wooden-metal_60678983599.html,US$ 8.40-US$ 11.80,4.9,(10reviews),International
Cartoon animal super cute wooden wall clock,https://img.alicdn.com/tfs/TB1S_7kkY5YBuNjSspoXXbeNFXa-700-700.jpg_350x350.jpg,https://www.alibaba.com/product-detail/Cartoon-animal-super-cute-wooden-wall_60830423554.html,US$ 5.00,4.8,(40reviews),International
Factory direct sale funky unusual decorative wood wall clocks with texture log materials,https://img.alicdn.com/tfs/TB1S_7kkY5YBuNjSspoXXbeNFXa-700-700.jpg_350x350.jpg,https://www.alibaba.com/product-detail/Factory-direct-sale-funky-unusual-decorative_62068406721.html,US$ 1.42-US$ 1.89,No ratings Provided,No responses available,International
Desktop Table Clocks LCD Alarm Wood Wooden Digital stand Snooze clock with temperature display with LCD Music,https://img.alicdn.com/tfs/TB1S_7kkY5YBuNjSspoXXbeNFXa-700-700.jpg_350x350.jpg,https://www.alibaba.com/product-detail/Desktop-Table-Clocks-LCD-Alarm-Wood_62018043074.html,US$ 8.35-US$ 9.95,4.1,(6reviews),International
LED Digital Wooden Alarm Clock,https://img.alicdn.com/tfs/TB1S_7kkY5YBuNjSspoXXbeNFXa-700-700.jpg_350x350.jpg,https://www.alibaba.com/product-detail/LED-Digital-Wooden-Alarm-Clock_60465590533.html,US$ 9.50-US$ 11.50,4.9,(27reviews),International
Creative vintage look wall clock home decoration wood wall clock for gift,https://img.alicdn.com/tfs/TB1S_7kkY5YBuNjSspoXXbeNFXa-700-700.jpg_350x350.jpg,https://www.alibaba.com/product-detail/Creative-vintage-look-wall-clock-home_60281798238.html,US$ 10.00-US$ 15.00,5.0,(3reviews),International
Home decoration Wooden Wall Clock,https://img.alicdn.com/tfs/TB1S_7kkY5YBuNjSspoXXbeNFXa-700-700.jpg_350x350.jpg,https://www.alibaba.com/product-detail/Home-decoration-Wooden-Wall-Clock_50035422572.html,US$ 3.90-US$ 9.00,No ratings Provided,No responses available,International
New Style Luxury Art Wood Wall Clock Gift Clock Promotional Clock,https://img.alicdn.com/tfs/TB1S_7kkY5YBuNjSspoXXbeNFXa-700-700.jpg_350x350.jpg,https://www.alibaba.com/product-detail/New-Style-Luxury-Art-Wood-Wall_62062212770.html,US$ 6.00-US$ 7.30,No ratings Provided,No responses available,International
Creative wooden wall clock quartz wall clock,https://img.alicdn.com/tfs/TB1S_7kkY5YBuNjSspoXXbeNFXa-700-700.jpg_350x350.jpg,https://www.alibaba.com/product-detail/Creative-wooden-wall-clock-quartz-wall_60843028426.html,US$ 5.80-US$ 6.40,5.0,(4reviews),International
magic cube led wood table clock for promotional,https://img.alicdn.com/tfs/TB1S_7kkY5YBuNjSspoXXbeNFXa-700-700.jpg_350x350.jpg,https://www.alibaba.com/product-detail/magic-cube-led-wood-table-clock_60436755409.html,US$ 3.94-US$ 5.25,4.7,(1reviews),International
Creative vintage look wall clock home decoration wood wall clock for gift,https://sc01.alicdn.com/kf/HTB1tJd2IFXXXXbjXXXXq6xXFXXXF/Creative-vintage-look-wall-clock-home-decoration.jpg_300x300.jpg,https://www.alibaba.com/product-detail/Creative-vintage-look-wall-clock-home_60281798238.html,US$ 10.00-US$ 15.00,5.0,(3reviews),International
Desktop Table Clocks LCD Alarm Wood Wooden Digital stand Snooze clock with temperature display with LCD Music,https://sc01.alicdn.com/kf/HTB1nntnbsTxK1Rjy0Fgq6yovpXaY/Desktop-Table-Clocks-LCD-Alarm-Wood-Wooden.jpg_300x300.jpg,https://www.alibaba.com/product-detail/Desktop-Table-Clocks-LCD-Alarm-Wood_62018043074.html,US$ 8.35-US$ 9.95,4.1,(6reviews),International
Leaf Design living room Table clock,https://sc02.alicdn.com/kf/UTB8D7IvDVfFXKJk43Otq6xIPFXaw/Leaf-Design-living-room-Table-clock.jpg_300x300.jpg,https://www.alibaba.com/product-detail/Leaf-Design-living-room-Table-clock_50043784321.html,US$ 1.00-US$ 2.00,No ratings Provided,No responses available,International
wholesale cartoon wooden wall clock for sale W14K039,https://sc02.alicdn.com/kf/HTB1C0VNnaagSKJjy0Fgq6ARqFXaI/wholesale-cartoon-wooden-wall-clock-for-sale.jpg_300x300.jpg,https://www.alibaba.com/product-detail/wholesale-cartoon-wooden-wall-clock-for_60705850745.html,US$ 1.00-US$ 5.00,5.0,(5reviews),International
"best bedside qi standard wireless phone charger wood alarm clock, qi wireless charger alarm clock S752",https://sc01.alicdn.com/kf/HTB1JVP.IwaTBuNjSszfq6xgfpXac/best-bedside-qi-standard-wireless-phone-charger.jpg_300x300.jpg,https://www.alibaba.com/product-detail/best-bedside-qi-standard-wireless-phone_60786116915.html,US$ 11.50-US$ 12.00,No ratings Provided,No responses available,International
"12"" Mediterranean Style Round Wooden Decorative Wall Clock",https://sc02.alicdn.com/kf/HTB1xIala7yWBuNjy0Fpq6yssXXa6/12-Mediterranean-Style-Round-Wooden-Decorative-Wall.jpg_300x300.jpg,https://www.alibaba.com/product-detail/12-Mediterranean-Style-Round-Wooden-Decorative_60772656034.html,US$ 1.00-US$ 10.00,5.0,(2reviews),International
2017 Wholesale marcaron color wooden stand mantel clock,https://sc01.alicdn.com/kf/HTB1cUEAhdfJ8KJjy0Feq6xKEXXal/2017-Wholesale-marcaron-color-wooden-stand-mantel.jpg_300x300.jpg,https://www.alibaba.com/product-detail/2017-Wholesale-marcaron-color-wooden-stand_60721303350.html,US$ 8.00-US$ 13.00,5.0,(1reviews),International
Promo Portable Square Customized Logo LED Wood Clock,https://sc01.alicdn.com/kf/HTB1ivhqacTxK1Rjy0Fgq6yovpXax/Promo-Portable-Square-Customized-Logo-LED-Wood.jpg_300x300.jpg,https://www.alibaba.com/product-detail/Promo-Portable-Square-Customized-Logo-LED_60529748090.html,US$ 2.50-US$ 8.20,4.7,(42reviews),International
16 inch 40cm RAINHOU Amazon hot sell round antique metal wood art home decorative quartz wall mounted clock,https://img.alicdn.com/tfs/TB1S_7kkY5YBuNjSspoXXbeNFXa-700-700.jpg_350x350.jpg,https://www.alibaba.com/product-detail/16-inch-40cm-RAINHOU-Amazon-hot_62089552932.html,US$ 5.20-US$ 11.00,4.7,(3reviews),International
farmhouse wall clock rustic wooden clock,https://img.alicdn.com/tfs/TB1S_7kkY5YBuNjSspoXXbeNFXa-700-700.jpg_350x350.jpg,https://www.alibaba.com/product-detail/farmhouse-wall-clock-rustic-wooden-clock_62146574735.html,US$ 1.00-US$ 20.00,5.0,(1reviews),International
magic cube led wood table clock for promotional,https://img.alicdn.com/tfs/TB1S_7kkY5YBuNjSspoXXbeNFXa-700-700.jpg_350x350.jpg,https://www.alibaba.com/product-detail/magic-cube-led-wood-table-clock_60436755409.html,US$ 3.94-US$ 5.25,4.7,(1reviews),International
Imarch WC26801-YE 8inch round wooden Nordic style decorative wall clock,https://img.alicdn.com/tfs/TB1S_7kkY5YBuNjSspoXXbeNFXa-700-700.jpg_350x350.jpg,https://www.alibaba.com/product-detail/Imarch-WC26801-YE-8inch-round-wooden_62006143729.html,US$ 1.80-US$ 2.20,5.0,(3reviews),International
LED digital desktop wooden temperature alarm clock,https://img.alicdn.com/tfs/TB1S_7kkY5YBuNjSspoXXbeNFXa-700-700.jpg_350x350.jpg,https://www.alibaba.com/product-detail/LED-digital-desktop-wooden-temperature-alarm_62116061543.html,US$ 4.00-US$ 6.00,3.8,(2reviews),International
Solid Wood European Creative Modern Art Living Room Home Decoration Simple Round Design 12/14 inch Wooden Mute Modern Wall Clock,https://img.alicdn.com/tfs/TB1S_7kkY5YBuNjSspoXXbeNFXa-700-700.jpg_350x350.jpg,https://www.alibaba.com/product-detail/Solid-Wood-European-Creative-Modern-Art_60802943732.html,US$ 1.00-US$ 27.00,4.9,(12reviews),International
New Wood Carving Clock,https://img.alicdn.com/tfs/TB1S_7kkY5YBuNjSspoXXbeNFXa-700-700.jpg_350x350.jpg,https://www.alibaba.com/product-detail/New-Wood-Carving-Clock_1813620367.html,US$ 2.00-US$ 6.00,No ratings Provided,No responses available,International
Replica designer modern luxury home decorative wooden balls wall clocks by solid wood,https://img.alicdn.com/tfs/TB1S_7kkY5YBuNjSspoXXbeNFXa-700-700.jpg_350x350.jpg,https://www.alibaba.com/product-detail/Replica-designer-modern-luxury-home-decorative_60718502089.html,US$ 55.00-US$ 65.00,4.9,(4reviews),International
Nightlight with square Silent table Snooze beech Wood Alarm Clock as a gift,https://img.alicdn.com/tfs/TB1S_7kkY5YBuNjSspoXXbeNFXa-700-700.jpg_350x350.jpg,https://www.alibaba.com/product-detail/Nightlight-with-square-Silent-table-Snooze_60673091442.html,US$ 4.80-US$ 5.00,4.9,(3reviews),International
MK-TIME Hot Sale Modern Style Bamboo Retro Flip Clock,https://img.alicdn.com/tfs/TB1S_7kkY5YBuNjSspoXXbeNFXa-700-700.jpg_350x350.jpg,https://www.alibaba.com/product-detail/MK-TIME-Hot-Sale-Modern-Style_60666876603.html,US$ 21.50-US$ 25.50,5.0,(1reviews),International
New Private Label Multi-function Wooden Wireless Charger Digital Alarm Clock,https://img.alicdn.com/tfs/TB1S_7kkY5YBuNjSspoXXbeNFXa-700-700.jpg_350x350.jpg,https://www.alibaba.com/product-detail/New-Private-Label-Multi-function-Wooden_62113303286.html,US$ 8.00-US$ 15.00,No ratings Provided,No responses available,International
Travel vibrating carpet led digital wooden alarm clock,https://img.alicdn.com/tfs/TB1S_7kkY5YBuNjSspoXXbeNFXa-700-700.jpg_350x350.jpg,https://www.alibaba.com/product-detail/Travel-vibrating-carpet-led-digital-wooden_60421942813.html,US$ 5.99-US$ 8.13,4.8,(15reviews),International
Retro antique wooden wall clock,https://img.alicdn.com/tfs/TB1S_7kkY5YBuNjSspoXXbeNFXa-700-700.jpg_350x350.jpg,https://www.alibaba.com/product-detail/Retro-antique-wooden-wall-clock_60812038436.html,US$ 2.00-US$ 3.00,No ratings Provided,No responses available,International
new design wood desktop digital alarm clock with bt wireless function,https://img.alicdn.com/tfs/TB1S_7kkY5YBuNjSspoXXbeNFXa-700-700.jpg_350x350.jpg,https://www.alibaba.com/product-detail/new-design-wood-desktop-digital-alarm_60772395342.html,US$ 11.50-US$ 15.00,4.9,(7reviews),International
Factory direct sale funky unusual decorative wood wall clocks with texture log materials,https://img.alicdn.com/tfs/TB1S_7kkY5YBuNjSspoXXbeNFXa-700-700.jpg_350x350.jpg,https://www.alibaba.com/product-detail/Factory-direct-sale-funky-unusual-decorative_62068406721.html,US$ 1.42-US$ 1.89,No ratings Provided,No responses available,International
Fashion Indoor Humidity Wireless Desktop Screen Digital Clock Natural Wood Square Alarm Clock on desk,https://img.alicdn.com/tfs/TB1S_7kkY5YBuNjSspoXXbeNFXa-700-700.jpg_350x350.jpg,https://www.alibaba.com/product-detail/Fashion-Indoor-Humidity-Wireless-Desktop-Screen_62112535867.html,US$ 11.55-US$ 15.95,4.8,(9reviews),International
Custom 10 12 Inch Round Real Wood Wall Clock Living Room Furniture Decore Clock,https://img.alicdn.com/tfs/TB1S_7kkY5YBuNjSspoXXbeNFXa-700-700.jpg_350x350.jpg,https://www.alibaba.com/product-detail/Custom-10-12-Inch-Round-Real_62078350133.html,US$ 15.00-US$ 25.00,No ratings Provided,No responses available,International
"Original Newest Home Office Bedroom Decoration Wooden Mute Wall Clock, Size: 28 x 28cm",https://img.alicdn.com/tfs/TB1S_7kkY5YBuNjSspoXXbeNFXa-700-700.jpg_350x350.jpg,https://www.alibaba.com/product-detail/Original-Newest-Home-Office-Bedroom-Decoration_62012786702.html,US$ 6.29-US$ 7.99,4.6,(33reviews),International
animal owl shaped kids carton mdf wooden wall clocks,https://img.alicdn.com/tfs/TB1S_7kkY5YBuNjSspoXXbeNFXa-700-700.jpg_350x350.jpg,https://www.alibaba.com/product-detail/animal-owl-shaped-kids-carton-mdf_60352758352.html,US$ 5.00-US$ 8.00,No ratings Provided,No responses available,International
Retro Creativity Fashion Family Log Mute Sweep Movement Wood Wooden azan Glass Digital Diy Home Wall Clock Quartz Decoration,https://img.alicdn.com/tfs/TB1S_7kkY5YBuNjSspoXXbeNFXa-700-700.jpg_350x350.jpg,https://www.alibaba.com/product-detail/Retro-Creativity-Fashion-Family-Log-Mute_62128855537.html,US$ 10.14-US$ 12.18,No ratings Provided,No responses available,International
Ganxin mini led retro hidden camera mute wooden digital alarm clock,https://img.alicdn.com/tfs/TB1S_7kkY5YBuNjSspoXXbeNFXa-700-700.jpg_350x350.jpg,https://www.alibaba.com/product-detail/Ganxin-mini-led-retro-hidden-camera_62169790351.html,US$ 8.57-US$ 10.00,4.6,(8reviews),International
Custom Logo Printed Cheap Wall Clock,https://img.alicdn.com/tfs/TB1S_7kkY5YBuNjSspoXXbeNFXa-700-700.jpg_350x350.jpg,https://www.alibaba.com/product-detail/Custom-Logo-Printed-Cheap-Wall-Clock_60815646327.html,US$ 1.35-US$ 2.20,4.8,(4reviews),International
Designer Wooden Dial roman Wall Clock,https://img.alicdn.com/tfs/TB1S_7kkY5YBuNjSspoXXbeNFXa-700-700.jpg_350x350.jpg,https://www.alibaba.com/product-detail/Designer-Wooden-Dial-roman-Wall-Clock_50039255025.html,US$ 30.00-US$ 40.00,No ratings Provided,No responses available,International
the cheapest different light color display multifunction desktop wooden clock,https://img.alicdn.com/tfs/TB1S_7kkY5YBuNjSspoXXbeNFXa-700-700.jpg_350x350.jpg,https://www.alibaba.com/product-detail/the-cheapest-different-light-color-display_1723015300.html,US$ 4.78,No ratings Provided,No responses available,International
Modern Europe home decoration wooden crafts ball wall clock,https://img.alicdn.com/tfs/TB1S_7kkY5YBuNjSspoXXbeNFXa-700-700.jpg_350x350.jpg,https://www.alibaba.com/product-detail/Modern-Europe-home-decoration-wooden-crafts_60825149129.html,US$ 17.00-US$ 22.00,No ratings Provided,No responses available,International
Wholesale creative designed wall clock wooden wall clock,https://img.alicdn.com/tfs/TB1S_7kkY5YBuNjSspoXXbeNFXa-700-700.jpg_350x350.jpg,https://www.alibaba.com/product-detail/Wholesale-creative-designed-wall-clock-wooden_60790814272.html,US$ 4.00,5.0,(1reviews),International
Nordic style wooden wall sunburst clock,https://img.alicdn.com/tfs/TB1S_7kkY5YBuNjSspoXXbeNFXa-700-700.jpg_350x350.jpg,https://www.alibaba.com/product-detail/Nordic-style-wooden-wall-sunburst-clock_60771054186.html,US$ 50.00-US$ 99.00,No ratings Provided,No responses available,International
Round shaped wooden lighted led clock,https://img.alicdn.com/tfs/TB1S_7kkY5YBuNjSspoXXbeNFXa-700-700.jpg_350x350.jpg,https://www.alibaba.com/product-detail/Round-shaped-wooden-lighted-led-clock_60235984910.html,US$ 1.00-US$ 5.00,4.9,(14reviews),International
